Date,open,high,low,close,adjclose,volume,ingested_at_utc
2016-01-01,32.81449890136719,32.88600158691406,30.260499954223633,30.39699935913086,30.39699935913086,550824000,2026-05-21 06:28:47.940487+00:00
2016-01-08,30.982999801635742,31.29949951171875,28.493999481201172,29.649999618530273,29.649999618530273,600436000,2026-05-21 06:28:47.940487+00:00
2016-01-15,28.61199951171875,29.440500259399414,27.358999252319336,28.750999450683594,28.750999450683594,510206000,2026-05-21 06:28:47.940487+00:00
2016-01-22,29.436500549316406,31.902999877929688,28.93899917602539,31.767499923706055,31.767499923706055,649000000,2026-05-21 06:28:47.940487+00:00
2016-01-29,28.599000930786133,29.649999618530273,25.961000442504883,26.812999725341797,26.812999725341797,871850000,2026-05-21 06:28:47.940487+00:00
2016-02-05,26.464000701904297,26.47249984741211,23.700000762939453,25.19099998474121,25.19099998474121,815918000,2026-05-21 06:28:47.940487+00:00
2016-02-12,25.53499984741211,27.059999465942383,25.074499130249023,26.25,26.25,401246000,2026-05-21 06:28:47.940487+00:00
2016-02-19,26.035499572753906,28.032499313354492,25.767499923706055,27.75749969482422,27.75749969482422,506986000,2026-05-21 06:28:47.940487+00:00
2016-02-26,28.006000518798828,29.25,27.625499725341797,28.874500274658203,28.874500274658203,427688000,2026-05-21 06:28:47.940487+00:00
2016-03-04,29.053499221801758,29.06999969482422,27.395000457763672,27.946500778198242,27.946500778198242,427412000,2026-05-21 06:28:47.940487+00:00
2016-03-11,28.34749984741211,29.076000213623047,27.750499725341797,27.972000122070312,27.972000122070312,411362000,2026-05-21 06:28:47.940487+00:00
2016-03-18,28.047000885009766,29.177499771118164,26.929000854492188,29.147499084472656,29.147499084472656,512448000,2026-05-21 06:28:47.940487+00:00
2016-03-25,29.219999313354492,30.16200065612793,28.777999877929688,29.68199920654297,29.68199920654297,281728000,2026-05-21 06:28:47.940487+00:00
2016-04-01,29.524499893188477,30.11949920654297,29.262500762939453,29.571500778198242,29.571500778198242,274720000,2026-05-21 06:28:47.940487+00:00
2016-04-08,29.715999603271484,31.2189998626709,29.450000762939453,31.037500381469727,31.037500381469727,313554000,2026-05-21 06:28:47.940487+00:00
2016-04-15,31.09600067138672,31.90049934387207,30.905500411987305,31.549999237060547,31.549999237060547,330204000,2026-05-21 06:28:47.940487+00:00
2016-04-22,31.223499298095703,31.412500381469727,29.959999084472656,30.100000381469727,30.100000381469727,444592000,2026-05-21 06:28:47.940487+00:00
2016-04-29,33.29999923706055,34.275001525878906,32.70000076293945,32.954498291015625,32.954498291015625,626644000,2026-05-21 06:28:47.940487+00:00
2016-05-06,32.8025016784668,36.122501373291016,32.800498962402344,35.89649963378906,35.89649963378906,536790000,2026-05-21 06:28:47.940487+00:00
2016-05-13,35.731998443603516,35.962501525878906,34.4379997253418,34.92599868774414,34.92599868774414,452530000,2026-05-21 06:28:47.940487+00:00
2016-05-20,35.0525016784668,35.75,34.82099914550781,35.74549865722656,35.74549865722656,285190000,2026-05-21 06:28:47.940487+00:00
2016-05-27,35.75,36.41400146484375,35.55500030517578,36.4119987487793,36.4119987487793,243144000,2026-05-21 06:28:47.940487+00:00
2016-06-03,36.33700180053711,36.57500076293945,35.92150115966797,36.38249969482422,36.38249969482422,263966000,2026-05-21 06:28:47.940487+00:00
2016-06-10,36.11750030517578,36.249000549316406,35.26499938964844,35.8754997253418,35.8754997253418,301844000,2026-05-21 06:28:47.940487+00:00
2016-06-17,35.90950012207031,36.10599899291992,34.95899963378906,36.104000091552734,36.104000091552734,335960000,2026-05-21 06:28:47.940487+00:00
2016-06-24,34.650001525878906,35.974998474121094,34.10599899291992,35.78099822998047,35.78099822998047,463254000,2026-05-21 06:28:47.940487+00:00
2016-07-01,35.86600112915039,36.977500915527344,35.82699966430664,36.82849884033203,36.82849884033203,244716000,2026-05-21 06:28:47.940487+00:00
2016-07-08,37.00699996948242,37.867000579833984,36.900001525878906,37.060001373291016,37.060001373291016,375620000,2026-05-21 06:28:47.940487+00:00
2016-07-15,37.32749938964844,37.46799850463867,36.43600082397461,37.221500396728516,37.221500396728516,256484000,2026-05-21 06:28:47.940487+00:00
2016-07-22,37.38949966430664,37.667999267578125,36.63750076293945,37.63050079345703,37.63050079345703,360348000,2026-05-21 06:28:47.940487+00:00
2016-07-29,38.25,38.525001525878906,37.51750183105469,38.03850173950195,38.03850173950195,414366000,2026-05-21 06:28:47.940487+00:00
2016-08-05,38.240501403808594,38.6875,38.05099868774414,38.5620002746582,38.5620002746582,203816000,2026-05-21 06:28:47.940487+00:00
2016-08-12,38.42300033569336,38.657501220703125,37.959999084472656,38.222999572753906,38.222999572753906,172726000,2026-05-21 06:28:47.940487+00:00
2016-08-19,38.095001220703125,38.23500061035156,37.60499954223633,37.96099853515625,37.96099853515625,178274000,2026-05-21 06:28:47.940487+00:00
2016-08-26,38.002498626708984,38.749000549316406,37.9900016784668,38.53099822998047,38.53099822998047,202214000,2026-05-21 06:28:47.940487+00:00
2016-09-02,38.705501556396484,39.53950119018555,38.51100158691406,39.202999114990234,39.202999114990234,207134000,2026-05-21 06:28:47.940487+00:00
2016-09-09,38.96799850463867,39.04999923706055,37.79999923706055,38.484500885009766,38.484500885009766,321124000,2026-05-21 06:28:47.940487+00:00
2016-09-16,38.66400146484375,40.294498443603516,38.54999923706055,40.23500061035156,40.23500061035156,330622000,2026-05-21 06:28:47.940487+00:00
2016-09-23,40.15650177001953,41.875,39.85749816894531,41.45249938964844,41.45249938964844,363376000,2026-05-21 06:28:47.940487+00:00
2016-09-30,41.63050079345703,42.36050033569336,41.51300048828125,42.08300018310547,42.08300018310547,326068000,2026-05-21 06:28:47.940487+00:00
2016-10-07,42.28950119018555,42.29750061035156,41.06050109863281,41.4640007019043,41.4640007019043,266266000,2026-05-21 06:28:47.940487+00:00
2016-10-14,41.75400161743164,41.7869987487793,40.154998779296875,40.51599884033203,40.51599884033203,282330000,2026-05-21 06:28:47.940487+00:00
2016-10-21,40.46799850463867,42.15449905395508,40.45000076293945,40.917999267578125,40.917999267578125,430136000,2026-05-21 06:28:47.940487+00:00
2016-10-28,39.099998474121094,40.04199981689453,38.1775016784668,38.35150146484375,38.35150146484375,609176000,2026-05-21 06:28:47.940487+00:00
2016-11-04,38.13949966430664,39.58700180053711,35.8849983215332,37.11899948120117,37.11899948120117,716580000,2026-05-21 06:28:47.940487+00:00
2016-11-11,36.7864990234375,37.875,35.505001068115234,37.81999969482422,37.81999969482422,560776000,2026-05-21 06:28:47.940487+00:00
2016-11-18,38.04999923706055,39.619998931884766,37.88199996948242,39.00600051879883,39.00600051879883,356792000,2026-05-21 06:28:47.940487+00:00
2016-11-25,39.32500076293945,39.337501525878906,36.9015007019043,37.182498931884766,37.182498931884766,376802000,2026-05-21 06:28:47.940487+00:00
2016-12-02,37.16999816894531,38.68949890136719,36.834999084472656,38.36650085449219,38.36650085449219,370904000,2026-05-21 06:28:47.940487+00:00
2016-12-09,38.5,39.12300109863281,37.86000061035156,38.04999923706055,38.04999923706055,399536000,2026-05-21 06:28:47.940487+00:00
2016-12-16,38.25,38.71950149536133,37.70000076293945,38.31700134277344,38.31700134277344,305064000,2026-05-21 06:28:47.940487+00:00
2016-12-23,38.227500915527344,39.0,37.89950180053711,38.25749969482422,38.25749969482422,221592000,2026-05-21 06:28:47.940487+00:00
2016-12-30,38.32350158691406,39.119998931884766,37.3849983215332,39.022499084472656,39.022499084472656,320022000,2026-05-21 06:28:47.940487+00:00
2017-01-06,39.11800003051758,40.70650100708008,38.92399978637695,40.68199920654297,40.68199920654297,397148000,2026-05-21 06:28:47.940487+00:00
2017-01-13,40.715999603271484,41.08250045776367,40.172000885009766,40.45199966430664,40.45199966430664,247148000,2026-05-21 06:28:47.940487+00:00
2017-01-20,40.763999938964844,42.19200134277344,40.25400161743164,41.95750045776367,41.95750045776367,333086000,2026-05-21 06:28:47.940487+00:00
2017-01-27,41.95000076293945,42.1245002746582,40.819000244140625,41.997501373291016,41.997501373291016,421678000,2026-05-21 06:28:47.940487+00:00
2017-02-03,40.33599853515625,41.25,40.150001525878906,41.06800079345703,41.06800079345703,471502000,2026-05-21 06:28:47.940487+00:00
2017-02-10,41.191001892089844,42.25,41.14250183105469,42.207000732421875,42.207000732421875,301564000,2026-05-21 06:28:47.940487+00:00
2017-02-17,42.099998474121094,43.042999267578125,42.0364990234375,42.609500885009766,42.609500885009766,253980000,2026-05-21 06:28:47.940487+00:00
2017-02-24,42.234500885009766,42.74150085449219,41.88750076293945,42.445499420166016,42.445499420166016,281750000,2026-05-21 06:28:47.940487+00:00
2017-03-03,42.36000061035156,42.81999969482422,42.055999755859375,42.650001525878906,42.650001525878906,222676000,2026-05-21 06:28:47.940487+00:00
2017-03-10,42.849998474121094,42.86750030517578,42.355499267578125,42.67100143432617,42.67100143432617,217624000,2026-05-21 06:28:47.940487+00:00
2017-03-17,42.67449951171875,43.13999938964844,41.95249938964844,42.36899948120117,42.36899948120117,293234000,2026-05-21 06:28:47.940487+00:00
2017-03-24,42.58399963378906,43.85300064086914,41.67499923706055,43.81700134277344,43.81700134277344,303684000,2026-05-21 06:28:47.940487+00:00
2017-03-31,43.849998474121094,46.18600082397461,43.83250045776367,44.91400146484375,44.91400146484375,524342000,2026-05-21 06:28:47.940487+00:00
2017-04-07,44.98249816894531,45.5620002746582,44.2244987487793,44.23350143432617,44.23350143432617,310772000,2026-05-21 06:28:47.940487+00:00
2017-04-14,44.375,45.525001525878906,44.375,45.10300064086914,45.10300064086914,230770000,2026-05-21 06:28:47.940487+00:00
2017-04-21,45.13349914550781,46.09299850463867,44.8385009765625,45.91899871826172,45.91899871826172,336768000,2026-05-21 06:28:47.940487+00:00
2017-04-28,47.44150161743164,47.720001220703125,46.21649932861328,46.87649917602539,46.87649917602539,453622000,2026-05-21 06:28:47.940487+00:00
2017-05-05,47.0260009765625,47.894500732421875,46.51499938964844,47.38100051879883,47.38100051879883,276696000,2026-05-21 06:28:47.940487+00:00
2017-05-12,47.724998474121094,48.50299835205078,47.20600128173828,47.92449951171875,47.92449951171875,402150000,2026-05-21 06:28:47.940487+00:00
2017-05-19,48.141998291015625,49.95000076293945,47.986000061035156,49.66899871826172,49.66899871826172,325958000,2026-05-21 06:28:47.940487+00:00
2017-05-26,49.75,50.060001373291016,49.108001708984375,49.79750061035156,49.79750061035156,262004000,2026-05-21 06:28:47.940487+00:00
2017-06-02,49.949501037597656,50.82500076293945,49.78350067138672,50.51350021362305,50.51350021362305,308190000,2026-05-21 06:28:47.940487+00:00
2017-06-09,50.625,50.64950180053711,46.349998474121094,48.208499908447266,48.208499908447266,620474000,2026-05-21 06:28:47.940487+00:00
2017-06-16,49.79999923706055,50.849998474121094,49.099998474121094,50.064998626708984,50.064998626708984,515376000,2026-05-21 06:28:47.940487+00:00
2017-06-23,50.12699890136719,50.4900016784668,48.26250076293945,48.79650115966797,48.79650115966797,361766000,2026-05-21 06:28:47.940487+00:00
2017-06-30,49.00600051879883,49.173500061035156,47.54999923706055,48.25699996948242,48.25699996948242,264240000,2026-05-21 06:28:47.940487+00:00
2017-07-07,48.477500915527344,50.4275016784668,48.457000732421875,50.03150177001953,50.03150177001953,313236000,2026-05-21 06:28:47.940487+00:00
2017-07-14,50.119998931884766,51.74850082397461,49.84450149536133,51.435001373291016,51.435001373291016,317684000,2026-05-21 06:28:47.940487+00:00
2017-07-21,51.06399917602539,54.16550064086914,50.54999923706055,52.29999923706055,52.29999923706055,447664000,2026-05-21 06:28:47.940487+00:00
2017-07-28,50.606998443603516,51.64250183105469,49.08649826049805,49.34600067138672,49.34600067138672,539198000,2026-05-21 06:28:47.940487+00:00
2017-08-04,49.48400115966797,49.81399917602539,47.73400115966797,47.84600067138672,47.84600067138672,351270000,2026-05-21 06:28:47.940487+00:00
2017-08-11,48.0,49.58700180053711,47.569000244140625,48.028499603271484,48.028499603271484,316694000,2026-05-21 06:28:47.940487+00:00
2017-08-18,48.06999969482422,48.39649963378906,47.05699920654297,47.622501373291016,47.622501373291016,341266000,2026-05-21 06:28:47.940487+00:00
2017-08-25,47.79999923706055,49.04999923706055,46.81650161743164,49.029998779296875,49.029998779296875,300638000,2026-05-21 06:28:47.940487+00:00
2017-09-01,49.209999084472656,49.224998474121094,48.01850128173828,48.9734992980957,48.9734992980957,202316000,2026-05-21 06:28:47.940487+00:00
2017-09-08,48.95500183105469,50.0,48.173500061035156,49.61050033569336,49.61050033569336,291222000,2026-05-21 06:28:47.940487+00:00
2017-09-15,49.6505012512207,49.8125,48.10100173950195,48.23249816894531,48.23249816894531,301380000,2026-05-21 06:28:47.940487+00:00
2017-09-22,48.050498962402344,48.28049850463867,46.587501525878906,47.81999969482422,47.81999969482422,340042000,2026-05-21 06:28:47.940487+00:00
2017-09-29,48.00550079345703,49.07550048828125,47.51850128173828,49.04249954223633,49.04249954223633,268198000,2026-05-21 06:28:47.940487+00:00
2017-10-06,48.78200149536133,50.422000885009766,48.78200149536133,50.04650115966797,50.04650115966797,324200000,2026-05-21 06:28:47.940487+00:00
2017-10-13,50.349998474121094,51.115501403808594,49.012001037597656,49.330501556396484,49.330501556396484,247360000,2026-05-21 06:28:47.940487+00:00
2017-10-20,49.67649841308594,49.73099899291992,48.125,48.621498107910156,48.621498107910156,344698000,2026-05-21 06:28:47.940487+00:00
2017-10-27,52.90700149536133,56.13949966430664,52.52750015258789,54.71099853515625,54.71099853515625,681910000,2026-05-21 06:28:47.940487+00:00
2017-11-03,54.557498931884766,56.777000427246094,54.42599868774414,56.45650100708008,56.45650100708008,322716000,2026-05-21 06:28:47.940487+00:00
2017-11-10,56.30500030517578,56.994998931884766,56.08150100708008,56.864498138427734,56.864498138427734,287574000,2026-05-21 06:28:47.940487+00:00
2017-11-17,56.91400146484375,58.01350021362305,56.127498626708984,57.80799865722656,57.80799865722656,212240000,2026-05-21 06:28:47.940487+00:00
2017-11-24,58.03499984741211,60.670501708984375,57.259498596191406,58.837501525878906,58.837501525878906,571962000,2026-05-21 06:28:47.940487+00:00
2017-12-01,58.602500915527344,58.98249816894531,56.23699951171875,57.989498138427734,57.989498138427734,389674000,2026-05-21 06:28:47.940487+00:00
2017-12-08,58.52000045776367,58.89649963378906,57.849998474121094,58.7130012512207,58.7130012512207,269612000,2026-05-21 06:28:47.940487+00:00
2017-12-15,58.951499938964844,59.73899841308594,58.38199996948242,58.737998962402344,58.737998962402344,296166000,2026-05-21 06:28:47.940487+00:00
2017-12-22,58.604000091552734,59.505001068115234,58.02750015258789,59.30500030517578,59.30500030517578,145984000,2026-05-21 06:28:47.940487+00:00
2017-12-29,59.11750030517578,60.79349899291992,58.375,60.47949981689453,60.47949981689453,230276000,2026-05-21 06:28:47.940487+00:00
2018-01-05,60.8754997253418,63.8385009765625,60.5,63.83399963378906,63.83399963378906,345930000,2026-05-21 06:28:47.940487+00:00
2018-01-12,63.669498443603516,66.99700164794922,63.669498443603516,64.66600036621094,64.66600036621094,438902000,2026-05-21 06:28:47.940487+00:00
2018-01-19,65.5999984741211,69.40799713134766,64.64949798583984,68.89749908447266,68.89749908447266,508968000,2026-05-21 06:28:47.940487+00:00
2018-01-26,69.60050201416016,73.62899780273438,69.04550170898438,69.5,69.5,639392000,2026-05-21 06:28:47.940487+00:00
2018-02-02,73.86949920654297,74.9000015258789,66.03600311279297,67.5250015258789,67.5250015258789,988576000,2026-05-21 06:28:47.940487+00:00
2018-02-09,68.67449951171875,73.4469985961914,63.29650115966797,73.08799743652344,73.08799743652344,768204000,2026-05-21 06:28:47.940487+00:00
2018-02-16,72.86849975585938,75.17449951171875,72.32450103759766,74.26699829101562,74.26699829101562,442686000,2026-05-21 06:28:47.940487+00:00
2018-02-23,74.76699829101562,76.43499755859375,73.25,74.67250061035156,74.67250061035156,510642000,2026-05-21 06:28:47.940487+00:00
2018-03-02,73.45500183105469,77.74400329589844,72.75050354003906,77.59300231933594,77.59300231933594,488398000,2026-05-21 06:28:47.940487+00:00
2018-03-09,78.17500305175781,80.87699890136719,77.9540023803711,79.11599731445312,79.11599731445312,491390000,2026-05-21 06:28:47.940487+00:00
2018-03-16,79.17250061035156,79.5,76.26750183105469,77.24600219726562,77.24600219726562,553176000,2026-05-21 06:28:47.940487+00:00
2018-03-23,76.95050048828125,78.79850006103516,68.26000213623047,72.36699676513672,72.36699676513672,938334000,2026-05-21 06:28:47.940487+00:00
2018-03-30,70.88099670410156,72.97799682617188,67.64399719238281,72.5875015258789,72.5875015258789,681812000,2026-05-21 06:28:47.940487+00:00
2018-04-06,71.49849700927734,72.625,70.01300048828125,72.42500305175781,72.42500305175781,421242000,2026-05-21 06:28:47.940487+00:00
2018-04-13,72.45700073242188,78.4260025024414,71.22599792480469,77.84549713134766,77.84549713134766,467190000,2026-05-21 06:28:47.940487+00:00
2018-04-20,78.05999755859375,78.05999755859375,70.7509994506836,75.89800262451172,75.89800262451172,657802000,2026-05-21 06:28:47.940487+00:00
2018-04-27,81.70050048828125,81.90499877929688,77.3010025024414,78.60399627685547,78.60399627685547,634032000,2026-05-21 06:28:47.940487+00:00
2018-05-04,78.12249755859375,80.77999877929688,78.1094970703125,80.4540023803711,80.4540023803711,335364000,2026-05-21 06:28:47.940487+00:00
2018-05-11,80.54949951171875,80.55899810791016,78.26100158691406,79.08799743652344,79.08799743652344,291382000,2026-05-21 06:28:47.940487+00:00
2018-05-18,79.06649780273438,80.41200256347656,78.31700134277344,80.15350341796875,80.15350341796875,289506000,2026-05-21 06:28:47.940487+00:00
2018-05-25,80.1500015258789,81.75,80.00749969482422,81.48100280761719,81.48100280761719,252372000,2026-05-21 06:28:47.940487+00:00
2018-06-01,81.85150146484375,85.7249984741211,81.75450134277344,84.46499633789062,84.46499633789062,410444000,2026-05-21 06:28:47.940487+00:00
2018-06-08,84.05599975585938,86.23999786376953,83.65049743652344,86.19300079345703,86.19300079345703,281034000,2026-05-21 06:28:47.940487+00:00
2018-06-15,85.69999694824219,88.15499877929688,85.01950073242188,86.51100158691406,86.51100158691406,428982000,2026-05-21 06:28:47.940487+00:00
2018-06-22,87.13099670410156,87.1500015258789,82.31549835205078,85.07250213623047,85.07250213623047,507496000,2026-05-21 06:28:47.940487+00:00
2018-06-29,85.8499984741211,86.25,83.90299987792969,84.98650360107422,84.98650360107422,257792000,2026-05-21 06:28:47.940487+00:00
2018-07-06,84.80000305175781,89.9000015258789,84.58350372314453,89.83100128173828,89.83100128173828,328154000,2026-05-21 06:28:47.940487+00:00
2018-07-13,90.19650268554688,92.94400024414062,89.7614974975586,90.64849853515625,90.64849853515625,501422000,2026-05-21 06:28:47.940487+00:00
2018-07-20,91.25050354003906,93.19200134277344,88.49949645996094,90.4000015258789,90.4000015258789,514284000,2026-05-21 06:28:47.940487+00:00
2018-07-27,93.80249786376953,94.00250244140625,86.96600341796875,91.71649932861328,91.71649932861328,609796000,2026-05-21 06:28:47.940487+00:00
2018-08-03,91.88700103759766,95.72850036621094,90.94599914550781,94.9260025024414,94.9260025024414,381064000,2026-05-21 06:28:47.940487+00:00
2018-08-10,94.42549896240234,96.25,93.489501953125,94.32599639892578,94.32599639892578,496306000,2026-05-21 06:28:47.940487+00:00
2018-08-17,94.29000091552734,95.9749984741211,92.77749633789062,95.1449966430664,95.1449966430664,334308000,2026-05-21 06:28:47.940487+00:00
2018-08-24,95.52549743652344,101.27850341796875,95.12699890136719,100.11900329589844,100.11900329589844,465594000,2026-05-21 06:28:47.940487+00:00
2018-08-31,100.3499984741211,102.5250015258789,96.760498046875,97.91549682617188,97.91549682617188,512696000,2026-05-21 06:28:47.940487+00:00
2018-09-07,96.93550109863281,100.43800354003906,95.8499984741211,99.49349975585938,99.49349975585938,450130000,2026-05-21 06:28:47.940487+00:00
2018-09-14,99.64649963378906,99.68250274658203,94.37049865722656,97.21499633789062,97.21499633789062,443452000,2026-05-21 06:28:47.940487+00:00
2018-09-21,97.71099853515625,100.80799865722656,93.25,100.64900207519531,100.64900207519531,485018000,2026-05-21 06:28:47.940487+00:00
2018-09-28,100.22049713134766,101.65950012207031,94.82849884033203,95.47100067138672,95.47100067138672,509128000,2026-05-21 06:28:47.940487+00:00
2018-10-05,95.89949798583984,96.4540023803711,84.25499725341797,85.96800231933594,85.96800231933594,878264000,2026-05-21 06:28:47.940487+00:00
2018-10-12,90.4000015258789,92.25,86.71150207519531,88.53600311279297,88.53600311279297,658218000,2026-05-21 06:28:47.940487+00:00
2018-10-19,89.25800323486328,90.4749984741211,82.8280029296875,89.1084976196289,89.1084976196289,686904000,2026-05-21 06:28:47.940487+00:00
2018-10-26,82.47949981689453,84.9229965209961,73.81800079345703,83.27649688720703,83.27649688720703,1176314000,2026-05-21 06:28:47.940487+00:00
2018-11-02,83.92949676513672,89.19999694824219,79.81800079345703,87.74549865722656,87.74549865722656,631294000,2026-05-21 06:28:47.940487+00:00
2018-11-09,86.625,87.19599914550781,77.32550048828125,80.97200012207031,80.97200012207031,671118000,2026-05-21 06:28:47.940487+00:00
2018-11-16,79.375,80.7239990234375,71.0,75.83650207519531,75.83650207519531,609034000,2026-05-21 06:28:47.940487+00:00
2018-11-23,75.8499984741211,84.49949645996094,75.09049987792969,83.67849731445312,83.67849731445312,596408000,2026-05-21 06:28:47.940487+00:00
2018-11-30,83.9749984741211,88.91699981689453,80.49250030517578,84.95950317382812,84.95950317382812,602160000,2026-05-21 06:28:47.940487+00:00
2018-12-07,85.25350189208984,85.94650268554688,79.54350280761719,82.91899871826172,82.91899871826172,663698000,2026-05-21 06:28:47.940487+00:00
2018-12-14,81.9000015258789,82.12850189208984,71.6344985961914,73.04149627685547,73.04149627685547,810080000,2026-05-21 06:28:47.940487+00:00
2018-12-21,73.24949645996094,74.0,65.3499984741211,73.08200073242188,73.08200073242188,819882000,2026-05-21 06:28:47.940487+00:00
2018-12-28,73.6675033569336,77.66799926757812,72.44999694824219,75.01399993896484,75.01399993896484,614844000,2026-05-21 06:28:47.940487+00:00
2019-01-04,76.5,83.83049774169922,75.91549682617188,82.81099700927734,82.81099700927734,778274000,2026-05-21 06:28:47.940487+00:00
2019-01-11,82.02749633789062,85.25,79.75749969482422,84.66100311279297,84.66100311279297,545328000,2026-05-21 06:28:47.940487+00:00
2019-01-18,85.5999984741211,85.80999755859375,80.51000213623047,82.74649810791016,82.74649810791016,435048000,2026-05-21 06:28:47.940487+00:00
2019-01-25,83.5250015258789,86.82050323486328,79.53600311279297,85.9365005493164,85.9365005493164,622210000,2026-05-21 06:28:47.940487+00:00
2019-02-01,81.94400024414062,83.65299987792969,79.64550018310547,80.71849822998047,80.71849822998047,589098000,2026-05-21 06:28:47.940487+00:00
2019-02-08,79.30000305175781,82.81900024414062,78.33799743652344,81.13249969482422,81.13249969482422,430284000,2026-05-21 06:28:47.940487+00:00
2019-02-15,81.39299774169922,81.74649810791016,80.02799987792969,80.97200012207031,80.97200012207031,296932000,2026-05-21 06:28:47.940487+00:00
2019-02-22,81.17500305175781,82.7300033569336,80.75499725341797,81.99150085449219,81.99150085449219,302424000,2026-05-21 06:28:47.940487+00:00
2019-03-01,82.75650024414062,85.47149658203125,81.02549743652344,81.29750061035156,81.29750061035156,475536000,2026-05-21 06:28:47.940487+00:00
2019-03-08,80.20050048828125,85.0999984741211,79.32849884033203,84.31099700927734,84.31099700927734,373130000,2026-05-21 06:28:47.940487+00:00
2019-03-15,85.1500015258789,91.1875,84.65650177001953,90.96299743652344,90.96299743652344,627552000,2026-05-21 06:28:47.940487+00:00
2019-03-22,90.50849914550781,90.9489974975586,87.28399658203125,88.6709976196289,88.6709976196289,474010000,2026-05-21 06:28:47.940487+00:00
2019-03-29,89.3290023803711,91.5,88.83149719238281,90.94300079345703,90.94300079345703,371154000,2026-05-21 06:28:47.940487+00:00
2019-04-05,91.44999694824219,92.65450286865234,91.25550079345703,92.20349884033203,92.20349884033203,334530000,2026-05-21 06:28:47.940487+00:00
2019-04-12,92.41999816894531,93.82350158691406,90.94499969482422,93.08450317382812,93.08450317382812,310536000,2026-05-21 06:28:47.940487+00:00
2019-04-19,92.7699966430664,96.4844970703125,92.28199768066406,95.11250305175781,95.11250305175781,355782000,2026-05-21 06:28:47.940487+00:00
2019-04-26,96.44999694824219,97.81700134277344,94.09349822998047,95.04100036621094,95.04100036621094,460796000,2026-05-21 06:28:47.940487+00:00
2019-05-03,97.44999694824219,98.22000122070312,93.80000305175781,94.99349975585938,94.99349975585938,541768000,2026-05-21 06:28:47.940487+00:00
2019-05-10,94.9000015258789,95.87550354003906,90.7874984741211,95.37850189208984,95.37850189208984,510618000,2026-05-21 06:28:47.940487+00:00
2019-05-17,94.65249633789062,95.52649688720703,90.20999908447266,90.77400207519531,90.77400207519531,398016000,2026-05-21 06:28:47.940487+00:00
2019-05-24,91.79450225830078,92.4635009765625,90.37650299072266,90.81600189208984,90.81600189208984,279912000,2026-05-21 06:28:47.940487+00:00
2019-05-31,89.50050354003906,89.77950286865234,83.5999984741211,87.71800231933594,87.71800231933594,546514000,2026-05-21 06:28:47.940487+00:00
2019-06-07,88.18499755859375,94.68499755859375,87.97450256347656,93.51499938964844,93.51499938964844,393920000,2026-05-21 06:28:47.940487+00:00
2019-06-14,93.19999694824219,96.76000213623047,92.94999694824219,95.90950012207031,95.90950012207031,309874000,2026-05-21 06:28:47.940487+00:00
2019-06-21,95.80500030517578,96.29750061035156,93.62100219726562,95.21399688720703,95.21399688720703,276250000,2026-05-21 06:28:47.940487+00:00
2019-06-28,95.45500183105469,97.07949829101562,94.19999694824219,96.94999694824219,96.94999694824219,211314000,2026-05-21 06:28:47.940487+00:00
2019-07-05,96.43000030517578,101.79000091552734,96.26499938964844,100.05349731445312,100.05349731445312,382144000,2026-05-21 06:28:47.940487+00:00
2019-07-12,100.41349792480469,101.31600189208984,97.57749938964844,98.8949966430664,98.8949966430664,283090000,2026-05-21 06:28:47.940487+00:00
2019-07-19,99.56050109863281,100.06500244140625,97.91300201416016,98.69100189208984,98.69100189208984,311138000,2026-05-21 06:28:47.940487+00:00
2019-07-26,97.0999984741211,97.54499816894531,92.20050048828125,92.76599884033203,92.76599884033203,430304000,2026-05-21 06:28:47.940487+00:00
2019-08-02,92.25350189208984,92.31800079345703,87.43900299072266,91.64450073242188,91.64450073242188,486256000,2026-05-21 06:28:47.940487+00:00
2019-08-09,91.44750213623047,91.58699798583984,87.86100006103516,88.80599975585938,88.80599975585938,368640000,2026-05-21 06:28:47.940487+00:00
2019-08-16,89.64450073242188,91.47899627685547,89.22750091552734,90.23300170898438,90.23300170898438,248982000,2026-05-21 06:28:47.940487+00:00
2019-08-23,89.65149688720703,90.24500274658203,87.17549896240234,89.31999969482422,89.31999969482422,336106000,2026-05-21 06:28:47.940487+00:00
2019-08-30,89.87449645996094,92.0999984741211,88.22850036621094,92.03600311279297,92.03600311279297,244732000,2026-05-21 06:28:47.940487+00:00
2019-09-06,91.91100311279297,92.68299865722656,90.26699829101562,92.17749786376953,92.17749786376953,267332000,2026-05-21 06:28:47.940487+00:00
2019-09-13,92.10050201416016,92.30599975585938,89.7750015258789,91.07499694824219,91.07499694824219,243326000,2026-05-21 06:28:47.940487+00:00
2019-09-20,91.08550262451172,91.53150177001953,86.1500015258789,86.99199676513672,86.99199676513672,398204000,2026-05-21 06:28:47.940487+00:00
2019-09-27,87.4000015258789,87.77999877929688,84.25299835205078,86.22100067138672,86.22100067138672,328114000,2026-05-21 06:28:47.940487+00:00
2019-10-04,86.3010025024414,87.3915023803711,85.25,86.01300048828125,86.01300048828125,235746000,2026-05-21 06:28:47.940487+00:00
2019-10-11,87.14600372314453,89.94249725341797,86.0999984741211,89.3740005493164,89.3740005493164,273754000,2026-05-21 06:28:47.940487+00:00
2019-10-18,89.38999938964844,89.6989974975586,87.0999984741211,89.03900146484375,89.03900146484375,283778000,2026-05-21 06:28:47.940487+00:00
2019-10-25,84.87750244140625,89.5999984741211,84.75,88.83300018310547,88.83300018310547,416856000,2026-05-21 06:28:47.940487+00:00
2019-11-01,89.40049743652344,90.75299835205078,89.17400360107422,89.41000366210938,89.41000366210938,242574000,2026-05-21 06:28:47.940487+00:00
2019-11-08,89.39450073242188,89.49400329589844,87.36599731445312,87.7300033569336,87.7300033569336,227224000,2026-05-21 06:28:47.940487+00:00
2019-11-15,88.00250244140625,88.1259994506836,86.135498046875,86.7354965209961,86.7354965209961,289816000,2026-05-21 06:28:47.940487+00:00
2019-11-22,86.95099639892578,91.2249984741211,86.55000305175781,90.92549896240234,90.92549896240234,243442000,2026-05-21 06:28:47.940487+00:00
2019-11-29,90.88899993896484,91.2344970703125,87.0,87.02400207519531,87.02400207519531,294476000,2026-05-21 06:28:47.940487+00:00
2019-12-06,87.55999755859375,88.34449768066406,86.75,88.0165023803711,88.0165023803711,265360000,2026-05-21 06:28:47.940487+00:00
2019-12-13,88.25,89.91000366210938,87.75,89.61399841308594,89.61399841308594,310790000,2026-05-21 06:28:47.940487+00:00
2019-12-20,89.98100280761719,93.52300262451172,89.12249755859375,93.4384994506836,93.4384994506836,283478000,2026-05-21 06:28:47.940487+00:00
2019-12-27,94.14600372314453,95.06999969482422,91.61150360107422,94.90049743652344,94.90049743652344,327936000,2026-05-21 06:28:47.940487+00:00
2020-01-03,93.2249984741211,95.89099884033203,93.0,95.05249786376953,95.05249786376953,370928000,2026-05-21 06:28:47.940487+00:00
2020-01-10,95.26850128173828,95.34700012207031,92.75450134277344,93.89700317382812,93.89700317382812,292630000,2026-05-21 06:28:47.940487+00:00
2020-01-17,94.29450225830078,95.125,92.86250305175781,94.22899627685547,94.22899627685547,268120000,2026-05-21 06:28:47.940487+00:00
2020-01-24,94.56849670410156,94.74949645996094,90.76699829101562,93.53399658203125,93.53399658203125,370362000,2026-05-21 06:28:47.940487+00:00
2020-01-31,102.57350158691406,103.5510025024414,100.01249694824219,102.5114974975586,102.5114974975586,686150000,2026-05-21 06:28:47.940487+00:00
2020-02-07,102.09950256347656,109.29750061035156,101.90499877929688,107.49349975585938,107.49349975585938,445272000,2026-05-21 06:28:47.940487+00:00
2020-02-14,107.78399658203125,109.25499725341797,106.20549774169922,107.65499877929688,107.65499877929688,224886000,2026-05-21 06:28:47.940487+00:00
2020-02-21,107.10749816894531,107.22750091552734,94.13800048828125,94.21499633789062,94.21499633789062,615620000,2026-05-21 06:28:47.940487+00:00
2020-02-28,90.73149871826172,99.81649780273438,90.55650329589844,96.20149993896484,96.20149993896484,665966000,2026-05-21 06:28:47.940487+00:00
2020-03-06,93.75,95.54350280761719,83.75,83.83049774169922,83.83049774169922,743822000,2026-05-21 06:28:47.940487+00:00
2020-03-13,87.75,97.25,81.30149841308594,94.04650115966797,94.04650115966797,973784000,2026-05-21 06:28:47.940487+00:00
2020-03-20,96.31549835205078,97.8499984741211,90.5999984741211,97.77449798583984,97.77449798583984,749478000,2026-05-21 06:28:47.940487+00:00
2020-03-27,96.54299926757812,99.6510009765625,94.5,95.94149780273438,95.94149780273438,501910000,2026-05-21 06:28:47.940487+00:00
2020-04-03,95.55750274658203,102.6500015258789,94.4574966430664,102.13800048828125,102.13800048828125,462418000,2026-05-21 06:28:47.940487+00:00
2020-04-10,102.0,123.05000305175781,101.9000015258789,120.40950012207031,120.40950012207031,674174000,2026-05-21 06:28:47.940487+00:00
2020-04-17,118.61650085449219,122.2490005493164,113.98300170898438,119.97250366210938,119.97250366210938,609124000,2026-05-21 06:28:47.940487+00:00
2020-04-24,120.8499984741211,123.75,115.30000305175781,123.69999694824219,123.69999694824219,577322000,2026-05-21 06:28:47.940487+00:00
2020-05-01,116.83999633789062,118.80000305175781,112.81900024414062,118.38050079345703,118.38050079345703,487904000,2026-05-21 06:28:47.940487+00:00
2020-05-08,118.60700225830078,120.9834976196289,116.88999938964844,119.44249725341797,119.44249725341797,359434000,2026-05-21 06:28:47.940487+00:00
2020-05-15,118.4260025024414,126.27249908447266,117.81849670410156,122.33699798583984,122.33699798583984,440504000,2026-05-21 06:28:47.940487+00:00
2020-05-22,122.75050354003906,123.49250030517578,116.5,120.05500030517578,120.05500030517578,293648000,2026-05-21 06:28:47.940487+00:00
2020-05-29,120.7969970703125,125.37699890136719,119.91000366210938,123.02999877929688,123.02999877929688,291768000,2026-05-21 06:28:47.940487+00:00
2020-06-05,122.22550201416016,136.11749267578125,121.85649871826172,127.89800262451172,127.89800262451172,463984000,2026-05-21 06:28:47.940487+00:00
2020-06-12,130.0605010986328,132.98199462890625,125.1675033569336,132.69900512695312,132.69900512695312,366678000,2026-05-21 06:28:47.940487+00:00
2020-06-19,133.9040069580078,139.8000030517578,132.9499969482422,137.72900390625,137.72900390625,414256000,2026-05-21 06:28:47.940487+00:00
2020-06-26,138.7530059814453,147.7779998779297,131.50399780273438,144.51499938964844,144.51499938964844,549014000,2026-05-21 06:28:47.940487+00:00
2020-07-03,146.74850463867188,159.69400024414062,146.5,159.13150024414062,159.13150024414062,471288000,2026-05-21 06:28:47.940487+00:00
2020-07-10,159.58799743652344,167.21449279785156,145.9114990234375,149.9949951171875,149.9949951171875,652428000,2026-05-21 06:28:47.940487+00:00
2020-07-17,150.4499969482422,162.0290069580078,147.42250061035156,149.32749938964844,149.32749938964844,564838000,2026-05-21 06:28:47.940487+00:00
2020-07-24,146.5,154.89999389648438,144.39999389648438,152.593994140625,152.593994140625,440640000,2026-05-21 06:28:47.940487+00:00
2020-07-31,162.1999969482422,162.37350463867188,155.0605010986328,161.25,161.25,514232000,2026-05-21 06:28:47.940487+00:00
2020-08-07,161.20050048828125,162.04049682617188,153.64999389648438,158.05099487304688,158.05099487304688,349852000,2026-05-21 06:28:47.940487+00:00
2020-08-14,158.90899658203125,166.0,156.0,164.86849975585938,164.86849975585938,366130000,2026-05-21 06:28:47.940487+00:00
2020-08-21,164.75,172.64999389648438,162.8780059814453,170.0,170.0,460170000,2026-05-21 06:28:47.940487+00:00
2020-08-28,171.14999389648438,177.6125030517578,165.14999389648438,168.39999389648438,168.39999389648438,452154000,2026-05-21 06:28:47.940487+00:00
2020-09-04,165.89999389648438,169.0749969482422,155.55650329589844,158.7554931640625,158.7554931640625,507908000,2026-05-21 06:28:47.940487+00:00
2020-09-11,160.4344940185547,160.86700439453125,148.62750244140625,150.43649291992188,150.43649291992188,492128000,2026-05-21 06:28:47.940487+00:00
2020-09-18,151.58700561523438,156.69949340820312,143.5500030517578,150.989501953125,150.989501953125,662828000,2026-05-21 06:28:47.940487+00:00
2020-09-25,152.7429962158203,161.1999969482422,149.9499969482422,161.06300354003906,161.06300354003906,444064000,2026-05-21 06:28:47.940487+00:00
2020-10-02,157.68150329589844,161.6645050048828,154.5,159.52749633789062,159.52749633789062,439176000,2026-05-21 06:28:47.940487+00:00
2020-10-09,160.5,174.81199645996094,159.89149475097656,166.9324951171875,166.9324951171875,601058000,2026-05-21 06:28:47.940487+00:00
2020-10-16,168.1614990234375,169.98300170898438,156.0970001220703,158.82000732421875,158.82000732421875,500248000,2026-05-21 06:28:47.940487+00:00
2020-10-23,159.5500030517578,164.58299255371094,157.0,160.55050659179688,160.55050659179688,516874000,2026-05-21 06:28:47.940487+00:00
2020-10-30,157.8874969482422,168.33999633789062,147.50599670410156,166.10000610351562,166.10000610351562,663400000,2026-05-21 06:28:47.940487+00:00
2020-11-06,165.23199462890625,166.10000610351562,150.9739990234375,155.51400756835938,155.51400756835938,543152000,2026-05-21 06:28:47.940487+00:00
2020-11-13,156.10000610351562,159.46249389648438,153.63450622558594,155.8509979248047,155.8509979248047,338734000,2026-05-21 06:28:47.940487+00:00
2020-11-20,155.8509979248047,159.89999389648438,153.2729949951172,159.2534942626953,159.2534942626953,309516000,2026-05-21 06:28:47.940487+00:00
2020-11-27,160.56300354003906,162.44749450683594,156.27749633789062,159.3365020751953,159.3365020751953,340302000,2026-05-21 06:28:47.940487+00:00
2020-12-04,159.91050720214844,159.91050720214844,153.8000030517578,155.07449340820312,155.07449340820312,321644000,2026-05-21 06:28:47.940487+00:00
2020-12-11,154.83299255371094,163.17550659179688,153.64100646972656,161.8040008544922,161.8040008544922,368838000,2026-05-21 06:28:47.940487+00:00
2020-12-18,162.19949340820312,162.4709930419922,158.3000030517578,158.63450622558594,158.63450622558594,314952000,2026-05-21 06:28:47.940487+00:00
2020-12-25,159.6999969482422,167.53250122070312,158.63450622558594,162.84649658203125,162.84649658203125,334524000,2026-05-21 06:28:47.940487+00:00
2021-01-01,163.5,163.60000610351562,156.55799865722656,158.10800170898438,158.10800170898438,299524000,2026-05-21 06:28:47.940487+00:00
2021-01-08,159.0,159.53199768066406,154.3000030517578,156.37350463867188,156.37350463867188,342556000,2026-05-21 06:28:47.940487+00:00
2021-01-15,156.1510009765625,167.42750549316406,154.7584991455078,165.34950256347656,165.34950256347656,355900000,2026-05-21 06:28:47.940487+00:00
2021-01-22,165.2154998779297,168.1945037841797,160.35400390625,161.88099670410156,161.88099670410156,346726000,2026-05-21 06:28:47.940487+00:00
2021-01-29,161.5,171.6999969482422,159.2274932861328,166.5500030517578,166.5500030517578,526238000,2026-05-21 06:28:47.940487+00:00
2021-02-05,165.9499969482422,168.85000610351562,162.4029998779297,163.10650634765625,163.10650634765625,290694000,2026-05-21 06:28:47.940487+00:00
2021-02-12,162.5,166.89999389648438,161.66549682617188,166.4114990234375,166.4114990234375,224698000,2026-05-21 06:28:47.940487+00:00
2021-02-19,166.4114990234375,166.6750030517578,152.38800048828125,152.85800170898438,152.85800170898438,400864000,2026-05-21 06:28:47.940487+00:00
2021-02-26,154.75999450683594,158.17599487304688,147.27149963378906,148.8784942626953,148.8784942626953,381422000,2026-05-21 06:28:47.940487+00:00
2021-03-05,150.25,156.58900451660156,144.0500030517578,155.67950439453125,155.67950439453125,387850000,2026-05-21 06:28:47.940487+00:00
2021-03-12,153.75,158.65249633789062,151.25,151.39950561523438,151.39950561523438,292850000,2026-05-21 06:28:47.940487+00:00
2021-03-19,151.4615020751953,159.10000610351562,150.8314971923828,152.31300354003906,152.31300354003906,357348000,2026-05-21 06:28:47.940487+00:00
2021-03-26,152.2030029296875,158.1219940185547,149.8000030517578,158.0500030517578,158.0500030517578,288614000,2026-05-21 06:28:47.940487+00:00
2021-04-02,158.64999389648438,166.22500610351562,158.06199645996094,164.96499633789062,164.96499633789062,240620000,2026-05-21 06:28:47.940487+00:00
2021-04-09,165.23500061035156,171.60000610351562,164.44500732421875,168.95449829101562,168.95449829101562,346358000,2026-05-21 06:28:47.940487+00:00
2021-04-16,169.0,171.79649353027344,165.07249450683594,165.45199584960938,165.45199584960938,266524000,2026-05-21 06:28:47.940487+00:00
2021-04-23,165.9550018310547,175.72250366210938,165.4250030517578,173.5655059814453,173.5655059814453,484298000,2026-05-21 06:28:47.940487+00:00
2021-04-30,176.25599670410156,177.6999969482422,162.36000061035156,165.31849670410156,165.31849670410156,529664000,2026-05-21 06:28:47.940487+00:00
2021-05-07,165.95449829101562,166.54449462890625,156.36849975585938,158.07350158691406,158.07350158691406,469120000,2026-05-21 06:28:47.940487+00:00
2021-05-14,159.2779998779297,165.60000610351562,159.14999389648438,162.38400268554688,162.38400268554688,303804000,2026-05-21 06:28:47.940487+00:00
2021-05-21,162.5,164.7864990234375,159.85049438476562,161.5054931640625,161.5054931640625,294680000,2026-05-21 06:28:47.940487+00:00
2021-05-28,162.10000610351562,162.5489959716797,159.20150756835938,159.35049438476562,159.35049438476562,183452000,2026-05-21 06:28:47.940487+00:00
2021-06-04,160.60000610351562,167.5500030517578,158.61000061035156,167.4824981689453,167.4824981689453,276284000,2026-05-21 06:28:47.940487+00:00
2021-06-11,167.4824981689453,174.86000061035156,166.67250061035156,174.46200561523438,174.46200561523438,343052000,2026-05-21 06:28:47.940487+00:00
2021-06-18,173.99949645996094,176.2429962158203,171.54249572753906,172.45399475097656,172.45399475097656,370304000,2026-05-21 06:28:47.940487+00:00
2021-06-25,173.1999969482422,173.5800018310547,169.70899963378906,171.64849853515625,171.64849853515625,254466000,2026-05-21 06:28:47.940487+00:00
2021-07-02,172.58200073242188,187.99949645996094,171.8459930419922,186.57049560546875,186.57049560546875,408458000,2026-05-21 06:28:47.940487+00:00
2021-07-09,186.12600708007812,188.6540069580078,181.04600524902344,181.55999755859375,181.55999755859375,332952000,2026-05-21 06:28:47.940487+00:00
2021-07-16,181.66549682617188,182.30299377441406,174.95799255371094,181.90150451660156,181.90150451660156,333368000,2026-05-21 06:28:47.940487+00:00
2021-07-23,182.0,185.60400390625,179.00050354003906,179.99600219726562,179.99600219726562,359754000,2026-05-21 06:28:47.940487+00:00
2021-07-30,167.3975067138672,169.5500030517578,164.98849487304688,168.79949951171875,168.79949951171875,441884000,2026-05-21 06:28:47.940487+00:00
2021-08-06,168.75,168.75,163.48350524902344,165.1750030517578,165.1750030517578,249194000,2026-05-21 06:28:47.940487+00:00
2021-08-13,165.2834930419922,165.30349731445312,159.1230010986328,159.3874969482422,159.3874969482422,307030000,2026-05-21 06:28:47.940487+00:00
2021-08-20,160.19349670410156,166.60000610351562,158.78799438476562,165.8000030517578,165.8000030517578,259148000,2026-05-21 06:28:47.940487+00:00
2021-08-27,166.6614990234375,176.35000610351562,165.6875,173.156005859375,173.156005859375,330092000,2026-05-21 06:28:47.940487+00:00
2021-09-03,172.60000610351562,177.49949645996094,171.82200622558594,174.20799255371094,174.20799255371094,221724000,2026-05-21 06:28:47.940487+00:00
2021-09-10,175.0915069580078,175.42250061035156,170.10049438476562,174.41200256347656,174.41200256347656,248886000,2026-05-21 06:28:47.940487+00:00
2021-09-17,174.42050170898438,174.87049865722656,165.25050354003906,170.8000030517578,170.8000030517578,337148000,2026-05-21 06:28:47.940487+00:00
2021-09-24,170.10049438476562,171.46299743652344,163.69949340820312,164.2519989013672,164.2519989013672,311724000,2026-05-21 06:28:47.940487+00:00
2021-10-01,164.45050048828125,166.28750610351562,158.8125,165.1215057373047,165.1215057373047,311400000,2026-05-21 06:28:47.940487+00:00
2021-10-08,165.85000610351562,166.07150268554688,161.81399536132812,164.9929962158203,164.9929962158203,207632000,2026-05-21 06:28:47.940487+00:00
2021-10-15,165.5709991455078,173.14300537109375,165.1999969482422,171.75050354003906,171.75050354003906,295226000,2026-05-21 06:28:47.940487+00:00
2021-10-22,171.0500030517578,173.9499969482422,164.88499450683594,172.32850646972656,172.32850646972656,329486000,2026-05-21 06:28:47.940487+00:00
2021-10-29,165.00100708007812,174.93150329589844,163.66600036621094,173.85000610351562,173.85000610351562,429456000,2026-05-21 06:28:47.940487+00:00
2021-11-05,173.85000610351562,180.2725067138672,173.1544952392578,173.625,173.625,373154000,2026-05-21 06:28:47.940487+00:00
2021-11-12,174.25,185.2100067138672,172.3524932861328,184.80299377441406,184.80299377441406,322000000,2026-05-21 06:28:47.940487+00:00
2021-11-19,185.63450622558594,188.1074981689453,176.385498046875,179.02049255371094,179.02049255371094,315942000,2026-05-21 06:28:47.940487+00:00
2021-11-26,180.10499572753906,181.6750030517578,171.1875,171.8679962158203,171.8679962158203,344802000,2026-05-21 06:28:47.940487+00:00
2021-12-03,172.75,177.49949645996094,166.92999267578125,174.17100524902344,174.17100524902344,307298000,2026-05-21 06:28:47.940487+00:00
2021-12-10,175.41700744628906,175.927001953125,165.19500732421875,168.87100219726562,168.87100219726562,315506000,2026-05-21 06:28:47.940487+00:00
2021-12-17,167.7104949951172,172.0500030517578,165.60000610351562,171.06849670410156,171.06849670410156,290694000,2026-05-21 06:28:47.940487+00:00
2021-12-24,171.03700256347656,172.9429931640625,168.5240020751953,168.64450073242188,168.64450073242188,186664000,2026-05-21 06:28:47.940487+00:00
2021-12-31,168.95599365234375,171.39999389648438,161.93699645996094,163.25399780273438,163.25399780273438,298336000,2026-05-21 06:28:47.940487+00:00
2022-01-07,163.83900451660156,166.8780059814453,156.30450439453125,161.21400451660156,161.21400451660156,299428000,2026-05-21 06:28:47.940487+00:00
2022-01-14,160.14999389648438,162.25,151.3509979248047,151.66749572753906,151.66749572753906,238482000,2026-05-21 06:28:47.940487+00:00
2022-01-21,149.9499969482422,150.89999389648438,135.3520050048828,139.6374969482422,139.6374969482422,583538000,2026-05-21 06:28:47.940487+00:00
2022-01-28,140.86050415039062,155.0749969482422,137.92950439453125,138.8455047607422,138.8455047607422,524782000,2026-05-21 06:28:47.940487+00:00
2022-02-04,155.60650634765625,163.83450317382812,150.60800170898438,159.0034942626953,159.0034942626953,569174000,2026-05-21 06:28:47.940487+00:00
2022-02-11,158.13450622558594,160.3489990234375,151.64999389648438,154.65249633789062,154.65249633789062,333506000,2026-05-21 06:28:47.940487+00:00
2022-02-18,155.49949645996094,155.49949645996094,139.5,151.35800170898438,151.35800170898438,294762000,2026-05-21 06:28:47.940487+00:00
2022-02-25,150.5500030517578,154.4499969482422,146.8560028076172,147.89849853515625,147.89849853515625,277486000,2026-05-21 06:28:47.940487+00:00
2022-03-04,147.15899658203125,148.67449951171875,133.57249450683594,146.8175048828125,146.8175048828125,457248000,2026-05-21 06:28:47.940487+00:00
2022-03-11,149.57449340820312,157.49850463867188,140.88400268554688,157.23899841308594,157.23899841308594,376462000,2026-05-21 06:28:47.940487+00:00
2022-03-18,156.81300354003906,166.3699951171875,156.01100158691406,163.64950561523438,163.64950561523438,346196000,2026-05-21 06:28:47.940487+00:00
2022-03-25,164.0,170.8314971923828,162.25,162.99749755859375,162.99749755859375,291174000,2026-05-21 06:28:47.940487+00:00
2022-04-01,164.14950561523438,168.39450073242188,154.51150512695312,157.7845001220703,157.7845001220703,307892000,2026-05-21 06:28:47.940487+00:00
2022-04-08,156.75,157.36849975585938,149.60000610351562,151.7064971923828,151.7064971923828,258280000,2026-05-21 06:28:47.940487+00:00
2022-04-15,151.52349853515625,158.6490020751953,147.58949279785156,148.29600524902344,148.29600524902344,225040000,2026-05-21 06:28:47.940487+00:00
2022-04-22,148.25,149.61500549316406,135.7834930419922,144.59649658203125,144.59649658203125,401134000,2026-05-21 06:28:47.940487+00:00
2022-04-29,129.8489990234375,130.76100158691406,115.07250213623047,116.40699768066406,116.40699768066406,755722000,2026-05-21 06:28:47.940487+00:00
2022-05-06,114.8499984741211,119.05049896240234,102.40550231933594,106.93049621582031,106.93049621582031,599548000,2026-05-21 06:28:47.940487+00:00
2022-05-13,109.06900024414062,115.80000305175781,106.19300079345703,107.31900024414062,107.31900024414062,441220000,2026-05-21 06:28:47.940487+00:00
2022-05-20,109.56849670410156,112.66549682617188,101.26000213623047,111.07749938964844,111.07749938964844,496354000,2026-05-21 06:28:47.940487+00:00
2022-05-27,113.55000305175781,125.61000061035156,112.62799835205078,125.51100158691406,125.51100158691406,466382000,2026-05-21 06:28:47.940487+00:00
2022-06-03,124.19999694824219,128.99000549316406,116.0999984741211,116.1500015258789,116.1500015258789,449986100,2026-05-21 06:28:47.940487+00:00
2022-06-10,113.41999816894531,114.5,101.43000030517578,103.66000366210938,103.66000366210938,423469900,2026-05-21 06:28:47.940487+00:00
2022-06-17,102.80000305175781,113.0,102.51000213623047,112.44000244140625,112.44000244140625,295058700,2026-05-21 06:28:47.940487+00:00
2022-06-24,112.37999725341797,117.9800033569336,102.5199966430664,106.20999908447266,106.20999908447266,370998400,2026-05-21 06:28:47.940487+00:00
2022-07-01,106.29000091552734,116.98999786376953,105.8499984741211,116.33000183105469,116.33000183105469,274436100,2026-05-21 06:28:47.940487+00:00
2022-07-08,114.5999984741211,116.58000183105469,106.01000213623047,110.62999725341797,110.62999725341797,266004500,2026-05-21 06:28:47.940487+00:00
2022-07-15,112.5,124.8499984741211,111.58999633789062,124.62999725341797,124.62999725341797,335931400,2026-05-21 06:28:47.940487+00:00
2022-07-22,125.01000213623047,125.5,114.52999877929688,122.27999877929688,122.27999877929688,312587700,2026-05-21 06:28:47.940487+00:00
2022-07-29,134.89999389648438,143.55999755859375,132.41000366210938,142.57000732421875,142.57000732421875,430075000,2026-05-21 06:28:47.940487+00:00
2022-08-05,140.10000610351562,144.60000610351562,136.2100067138672,140.63999938964844,140.63999938964844,242991700,2026-05-21 06:28:47.940487+00:00
2022-08-12,142.0500030517578,146.57000732421875,140.1199951171875,142.3000030517578,142.3000030517578,231369500,2026-05-21 06:28:47.940487+00:00
2022-08-19,140.47000122070312,141.11000061035156,132.10000610351562,137.27999877929688,137.27999877929688,210629700,2026-05-21 06:28:47.940487+00:00
2022-08-26,136.5500030517578,137.8300018310547,123.66000366210938,127.81999969482422,127.81999969482422,260912100,2026-05-21 06:28:47.940487+00:00
2022-09-02,129.5,131.3800048828125,124.73999786376953,129.82000732421875,129.82000732421875,193207200,2026-05-21 06:28:47.940487+00:00
2022-09-09,130.91000366210938,136.49000549316406,125.5,126.27999877929688,126.27999877929688,274112500,2026-05-21 06:28:47.940487+00:00
2022-09-16,122.77999877929688,124.70999908447266,116.26000213623047,117.30999755859375,117.30999755859375,324374000,2026-05-21 06:28:47.940487+00:00
2022-09-23,116.0,118.69999694824219,112.05999755859375,114.80000305175781,114.80000305175781,302678200,2026-05-21 06:28:47.940487+00:00
2022-09-30,114.08000183105469,123.0,112.44999694824219,120.30000305175781,120.30000305175781,263705400,2026-05-21 06:28:47.940487+00:00
2022-10-07,118.0,118.16999816894531,105.3499984741211,112.52999877929688,112.52999877929688,286046700,2026-05-21 06:28:47.940487+00:00
2022-10-14,114.0999984741211,119.5199966430664,106.5999984741211,115.25,115.25,292119900,2026-05-21 06:28:47.940487+00:00
2022-10-21,114.79000091552734,121.31999969482422,109.7699966430664,110.95999908447266,110.95999908447266,354534300,2026-05-21 06:28:47.940487+00:00
2022-10-28,97.91000366210938,104.87000274658203,89.0199966430664,89.30000305175781,89.30000305175781,748199900,2026-05-21 06:28:47.940487+00:00
2022-11-04,91.48999786376953,98.69000244140625,85.87000274658203,96.62999725341797,96.62999725341797,559511500,2026-05-21 06:28:47.940487+00:00
2022-11-11,97.87999725341797,103.79000091552734,94.02999877929688,94.8499984741211,94.8499984741211,493036600,2026-05-21 06:28:47.940487+00:00
2022-11-18,95.94999694824219,95.98999786376953,90.58999633789062,94.12999725341797,94.12999725341797,278365200,2026-05-21 06:28:47.940487+00:00
2022-11-25,93.79000091552734,97.2300033569336,91.44000244140625,95.5,95.5,346892800,2026-05-21 06:28:47.940487+00:00
2022-12-02,94.4800033569336,95.36000061035156,87.4800033569336,90.3499984741211,90.3499984741211,360928300,2026-05-21 06:28:47.940487+00:00
2022-12-09,88.9000015258789,96.25,87.47000122070312,88.44999694824219,88.44999694824219,384711200,2026-05-21 06:28:47.940487+00:00
2022-12-16,88.2699966430664,89.3499984741211,82.25,83.79000091552734,83.79000091552734,444722400,2026-05-21 06:28:47.940487+00:00
2022-12-23,83.25,85.77999877929688,81.69000244140625,84.18000030517578,84.18000030517578,227942200,2026-05-21 06:28:47.940487+00:00
2022-12-30,83.12000274658203,86.9800033569336,82.47000122070312,83.12000274658203,83.12000274658203,275923100,2026-05-21 06:28:47.940487+00:00
2023-01-06,83.02999877929688,97.19000244140625,81.43000030517578,95.2699966430664,95.2699966430664,404707100,2026-05-21 06:28:47.940487+00:00
2023-01-13,94.18000030517578,99.31999969482422,92.86000061035156,93.68000030517578,93.68000030517578,306877500,2026-05-21 06:28:47.940487+00:00
2023-01-20,93.86000061035156,99.48999786376953,91.5199966430664,99.22000122070312,99.22000122070312,373697300,2026-05-21 06:28:47.940487+00:00
2023-01-27,99.52999877929688,114.0,99.01000213623047,112.91000366210938,112.91000366210938,463599100,2026-05-21 06:28:47.940487+00:00
2023-02-03,105.26000213623047,108.77999877929688,97.56999969482422,98.23999786376953,98.23999786376953,486322100,2026-05-21 06:28:47.940487+00:00
2023-02-10,97.55999755859375,101.16999816894531,96.2300033569336,98.1500015258789,98.1500015258789,266081300,2026-05-21 06:28:47.940487+00:00
2023-02-17,97.80000305175781,97.94000244140625,93.66999816894531,95.81999969482422,95.81999969482422,224610900,2026-05-21 06:28:47.940487+00:00
2023-02-24,93.52999877929688,94.77999877929688,90.38999938964844,92.12999725341797,92.12999725341797,256292300,2026-05-21 06:28:47.940487+00:00
2023-03-03,92.73999786376953,96.55000305175781,92.18000030517578,92.25,92.25,258090500,2026-05-21 06:28:47.940487+00:00
2023-03-10,92.66999816894531,100.98999786376953,88.12000274658203,100.04000091552734,100.04000091552734,358316000,2026-05-21 06:28:47.940487+00:00
2023-03-17,99.79000091552734,102.0999984741211,95.69999694824219,98.70999908447266,98.70999908447266,323321100,2026-05-21 06:28:47.940487+00:00
2023-03-24,98.06999969482422,103.04000091552734,96.29000091552734,102.0,102.0,244953500,2026-05-21 06:28:47.940487+00:00
2023-03-31,102.16000366210938,104.19999694824219,99.80000305175781,102.05999755859375,102.05999755859375,235531900,2026-05-21 06:28:47.940487+00:00
2023-04-07,100.95999908447266,102.56999969482422,97.70999908447266,102.4000015258789,102.4000015258789,222339100,2026-05-21 06:28:47.940487+00:00
2023-04-14,102.06999969482422,105.25,101.11000061035156,103.80999755859375,103.80999755859375,247256300,2026-05-21 06:28:47.940487+00:00
2023-04-21,106.0999984741211,110.86000061035156,102.44999694824219,109.81999969482422,109.81999969482422,445141600,2026-05-21 06:28:47.940487+00:00
2023-04-28,107.7300033569336,109.4800033569336,101.1500015258789,104.0,104.0,389310800,2026-05-21 06:28:47.940487+00:00
2023-05-05,104.2699966430664,113.27999877929688,103.55000305175781,112.18000030517578,112.18000030517578,304024400,2026-05-21 06:28:47.940487+00:00
2023-05-12,112.16000366210938,118.5999984741211,109.25,118.1500015258789,118.1500015258789,313166000,2026-05-21 06:28:47.940487+00:00
2023-05-19,118.16000366210938,118.30999755859375,113.77999877929688,115.0,115.0,323358300,2026-05-21 06:28:47.940487+00:00
2023-05-26,116.04000091552734,123.48999786376953,116.0199966430664,122.7699966430664,122.7699966430664,288270600,2026-05-21 06:28:47.940487+00:00
2023-06-02,124.91999816894531,127.4000015258789,120.62999725341797,124.25,124.25,312732300,2026-05-21 06:28:47.940487+00:00
2023-06-09,124.08000183105469,128.41000366210938,123.19000244140625,127.11000061035156,127.11000061035156,266179800,2026-05-21 06:28:47.940487+00:00
2023-06-16,127.70999908447266,130.3300018310547,123.8499984741211,130.14999389648438,130.14999389648438,283669500,2026-05-21 06:28:47.940487+00:00
2023-06-23,129.11000061035156,131.49000549316406,127.0999984741211,127.9000015258789,127.9000015258789,271628600,2026-05-21 06:28:47.940487+00:00
2023-06-30,129.47000122070312,131.85000610351562,127.37000274658203,128.36000061035156,128.36000061035156,159150800,2026-05-21 06:28:47.940487+00:00
2023-07-07,128.58999633789062,134.6699981689453,125.91999816894531,134.3000030517578,134.3000030517578,269026800,2026-05-21 06:28:47.940487+00:00
2023-07-14,134.05999755859375,136.64999389648438,129.3300018310547,129.9600067138672,129.9600067138672,272171800,2026-05-21 06:28:47.940487+00:00
2023-07-21,131.33999633789062,132.6300048828125,126.11000061035156,128.25,128.25,324655900,2026-05-21 06:28:47.940487+00:00
2023-07-28,129.69000244140625,133.8699951171875,126.41000366210938,128.91000366210938,128.91000366210938,269930200,2026-05-21 06:28:47.940487+00:00
2023-08-04,141.05999755859375,143.6300048828125,137.10000610351562,138.55999755859375,138.55999755859375,384997800,2026-05-21 06:28:47.940487+00:00
2023-08-11,137.39999389648438,141.27999877929688,133.52999877929688,133.97999572753906,133.97999572753906,222866000,2026-05-21 06:28:47.940487+00:00
2023-08-18,131.6199951171875,136.77999877929688,131.14999389648438,131.83999633789062,131.83999633789062,209292900,2026-05-21 06:28:47.940487+00:00
2023-08-25,132.47000122070312,138.7899932861328,130.5800018310547,138.00999450683594,138.00999450683594,211820300,2026-05-21 06:28:47.940487+00:00
2023-09-01,139.4600067138672,139.9600067138672,133.16000366210938,137.85000610351562,137.85000610351562,171912600,2026-05-21 06:28:47.940487+00:00
2023-09-08,136.86000061035156,145.86000061035156,136.75,144.72000122070312,144.72000122070312,262280000,2026-05-21 06:28:47.940487+00:00
2023-09-15,142.69000244140625,143.57000732421875,129.30999755859375,129.3300018310547,129.3300018310547,323822300,2026-05-21 06:28:47.940487+00:00
2023-09-22,131.11000061035156,132.02999877929688,123.04000091552734,125.9800033569336,125.9800033569336,300078700,2026-05-21 06:28:47.940487+00:00
2023-09-29,128.1999969482422,130.47000122070312,124.25,125.95999908447266,125.95999908447266,245870900,2026-05-21 06:28:47.940487+00:00
2023-10-06,124.16000366210938,134.47999572753906,124.12999725341797,132.3300018310547,132.3300018310547,224059400,2026-05-21 06:28:47.940487+00:00
2023-10-13,132.97999572753906,133.30999755859375,127.47000122070312,128.39999389648438,128.39999389648438,241625000,2026-05-21 06:28:47.940487+00:00
2023-10-20,128.0500030517578,128.8000030517578,118.3499984741211,119.56999969482422,119.56999969482422,326140800,2026-05-21 06:28:47.940487+00:00
2023-10-27,126.19999694824219,138.80999755859375,125.5199966430664,138.07000732421875,138.07000732421875,363150300,2026-05-21 06:28:47.940487+00:00
2023-11-03,138.99000549316406,143.3699951171875,137.4499969482422,140.60000610351562,140.60000610351562,223340800,2026-05-21 06:28:47.940487+00:00
2023-11-10,140.4600067138672,147.2899932861328,139.52000427246094,142.8300018310547,142.8300018310547,255172200,2026-05-21 06:28:47.940487+00:00
2023-11-17,142.66000366210938,147.74000549316406,141.5,146.7100067138672,146.7100067138672,208483000,2026-05-21 06:28:47.940487+00:00
2023-11-24,146.6999969482422,149.25999450683594,144.3300018310547,146.08999633789062,146.08999633789062,225277400,2026-05-21 06:28:47.940487+00:00
2023-12-01,146.0,148.57000732421875,142.80999755859375,146.8800048828125,146.8800048828125,227100200,2026-05-21 06:28:47.940487+00:00
2023-12-08,145.47999572753906,150.5399932861328,143.63999938964844,147.4199981689453,147.4199981689453,248924600,2026-05-21 06:28:47.940487+00:00
2023-12-15,148.3800048828125,155.6300048828125,147.8800048828125,153.83999633789062,153.83999633789062,302401200,2026-05-21 06:28:47.940487+00:00
2023-12-22,153.77000427246094,154.77999877929688,152.7100067138672,153.3800048828125,153.3800048828125,113073000,2026-05-21 06:28:47.940487+00:00
2023-12-29,153.10000610351562,153.88999938964844,144.0500030517578,144.57000732421875,144.57000732421875,192627900,2026-05-21 06:28:47.940487+00:00
2024-01-05,144.69000244140625,157.1699981689453,144.52999877929688,155.17999267578125,155.17999267578125,229217300,2026-05-21 06:28:47.940487+00:00
2024-01-12,155.38999938964844,156.1999969482422,149.91000366210938,153.5,153.5,154672400,2026-05-21 06:28:47.940487+00:00
2024-01-19,153.8300018310547,158.50999450683594,152.74000549316406,157.75,157.75,225511000,2026-05-21 06:28:47.940487+00:00
2024-01-26,158.4199981689453,161.72999572753906,154.80999755859375,159.27999877929688,159.27999877929688,268352000,2026-05-21 06:28:47.940487+00:00
2024-02-02,169.19000244140625,172.5,167.3300018310547,169.83999633789062,169.83999633789062,304295700,2026-05-21 06:28:47.940487+00:00
2024-02-09,170.89999389648438,175.38999938964844,165.75,169.8000030517578,169.8000030517578,257052200,2026-05-21 06:28:47.940487+00:00
2024-02-16,168.74000549316406,174.8000030517578,165.74000549316406,174.5800018310547,174.5800018310547,189900500,2026-05-21 06:28:47.940487+00:00
2024-02-23,174.27999877929688,177.22000122070312,172.27000427246094,176.75999450683594,176.75999450683594,217211400,2026-05-21 06:28:47.940487+00:00
2024-03-01,176.75,180.13999938964844,173.25999450683594,176.82000732421875,176.82000732421875,172745200,2026-05-21 06:28:47.940487+00:00
2024-03-08,176.44000244140625,179.52999877929688,171.47000122070312,178.75,178.75,177467000,2026-05-21 06:28:47.940487+00:00
2024-03-15,176.63999938964844,181.4199981689453,173.52000427246094,178.14999389648438,178.14999389648438,193050500,2026-05-21 06:28:47.940487+00:00
2024-03-22,177.75,181.6999969482422,176.75,180.3800048828125,180.3800048828125,158794100,2026-05-21 06:28:47.940487+00:00
2024-03-29,180.7899932861328,185.10000610351562,178.3800048828125,180.0,180.0,134456900,2026-05-21 06:28:47.940487+00:00
2024-04-05,182.3800048828125,189.77000427246094,181.97000122070312,189.0500030517578,189.0500030517578,194015300,2026-05-21 06:28:47.940487+00:00
2024-04-12,187.72000122070312,188.69000244140625,178.64999389648438,179.22000122070312,179.22000122070312,181636000,2026-05-21 06:28:47.940487+00:00
2024-04-19,178.74000549316406,180.32000732421875,166.32000732421875,173.6699981689453,173.6699981689453,214406600,2026-05-21 06:28:47.940487+00:00
2024-04-26,177.8000030517578,185.14999389648438,174.8000030517578,184.72000122070312,184.72000122070312,341572100,2026-05-21 06:28:47.940487+00:00
2024-05-03,186.99000549316406,191.6999969482422,184.8000030517578,189.5,189.5,177451000,2026-05-21 06:28:47.940487+00:00
2024-05-10,189.16000366210938,189.88999938964844,182.72999572753906,183.6300048828125,183.6300048828125,212033000,2026-05-21 06:28:47.940487+00:00
2024-05-17,183.75999450683594,186.6699981689453,180.0800018310547,181.0500030517578,181.0500030517578,176345600,2026-05-21 06:28:47.940487+00:00
2024-05-24,181.64999389648438,184.0800018310547,178.36000061035156,179.32000732421875,179.32000732421875,118592600,2026-05-21 06:28:47.940487+00:00
2024-05-31,178.3000030517578,185.0,173.8699951171875,185.0,185.0,180376500,2026-05-21 06:28:47.940487+00:00
2024-06-07,184.89999389648438,188.35000610351562,182.6699981689453,183.8300018310547,183.8300018310547,163437900,2026-05-21 06:28:47.940487+00:00
2024-06-14,183.0800018310547,186.50999450683594,181.22000122070312,186.10000610351562,186.10000610351562,142444300,2026-05-21 06:28:47.940487+00:00
2024-06-21,187.8000030517578,199.83999633789062,185.3300018310547,197.85000610351562,197.85000610351562,306270700,2026-05-21 06:28:47.940487+00:00
2024-06-28,197.72999572753906,200.42999267578125,192.5,197.58999633789062,197.58999633789062,195320100,2026-05-21 06:28:47.940487+00:00
2024-07-05,198.64999389648438,201.1999969482422,192.86000061035156,195.0500030517578,195.0500030517578,184775100,2026-05-21 06:28:47.940487+00:00
2024-07-12,194.8000030517578,196.6199951171875,181.4499969482422,183.75,183.75,204396100,2026-05-21 06:28:47.940487+00:00
2024-07-19,181.13999938964844,189.38999938964844,176.8000030517578,179.85000610351562,179.85000610351562,216548000,2026-05-21 06:28:47.940487+00:00
2024-07-26,180.38999938964844,190.60000610351562,179.3800048828125,184.07000732421875,184.07000732421875,214387600,2026-05-21 06:28:47.940487+00:00
2024-08-02,166.75,168.77000427246094,151.61000061035156,165.8000030517578,165.8000030517578,377573000,2026-05-21 06:28:47.940487+00:00
2024-08-09,166.39999389648438,177.91000366210938,165.85000610351562,177.58999633789062,177.58999633789062,186254000,2026-05-21 06:28:47.940487+00:00
2024-08-16,177.0399932861328,182.38999938964844,175.67999267578125,176.1300048828125,176.1300048828125,156520800,2026-05-21 06:28:47.940487+00:00
2024-08-23,177.33999633789062,178.97000122070312,168.9199981689453,172.1199951171875,172.1199951171875,136811100,2026-05-21 06:28:47.940487+00:00
2024-08-30,172.77999877929688,179.8800048828125,172.5399932861328,177.88999938964844,177.88999938964844,151726600,2026-05-21 06:28:47.940487+00:00
2024-09-06,177.24000549316406,187.41000366210938,171.16000366210938,187.0,187.0,182846600,2026-05-21 06:28:47.940487+00:00
2024-09-13,187.0,190.99000549316406,183.36000061035156,189.8699951171875,189.8699951171875,152643900,2026-05-21 06:28:47.940487+00:00
2024-09-20,190.22999572753906,195.3699951171875,187.41000366210938,191.16000366210938,191.16000366210938,243576600,2026-05-21 06:28:47.940487+00:00
2024-09-27,190.67999267578125,190.89999389648438,180.8800048828125,181.9600067138672,181.9600067138672,167539500,2026-05-21 06:28:47.940487+00:00
2024-10-04,185.75,188.1300048828125,180.25,186.64999389648438,186.64999389648438,163754700,2026-05-21 06:28:47.940487+00:00
2024-10-11,186.6300048828125,189.92999267578125,184.5800018310547,187.52999877929688,187.52999877929688,129041100,2026-05-21 06:28:47.940487+00:00
2024-10-18,187.14999389648438,191.52000427246094,183.69000244140625,186.3800048828125,186.3800048828125,145292200,2026-05-21 06:28:47.940487+00:00
2024-10-25,187.85000610351562,195.61000061035156,185.22999572753906,186.39999389648438,186.39999389648438,205837500,2026-05-21 06:28:47.940487+00:00
2024-11-01,199.0,212.25,194.30999755859375,210.0500030517578,210.0500030517578,293915300,2026-05-21 06:28:47.940487+00:00
2024-11-08,209.72000122070312,215.89999389648438,205.58999633789062,211.47999572753906,211.47999572753906,199307900,2026-05-21 06:28:47.940487+00:00
2024-11-15,206.75999450683594,207.33999633789062,195.75,198.3800048828125,198.3800048828125,245767900,2026-05-21 06:28:47.940487+00:00
2024-11-22,198.25,208.0,196.75,205.74000549316406,205.74000549316406,141951800,2026-05-21 06:28:47.940487+00:00
2024-11-29,205.8300018310547,222.14999389648438,204.58999633789062,220.5500030517578,220.5500030517578,186516300,2026-05-21 06:28:47.940487+00:00
2024-12-06,220.75,231.1999969482422,220.60000610351562,228.97000122070312,228.97000122070312,185787300,2026-05-21 06:28:47.940487+00:00
2024-12-13,228.39999389648438,233.0,220.11000061035156,223.2899932861328,223.2899932861328,185468400,2026-05-21 06:28:47.940487+00:00
2024-12-20,219.83999633789062,229.13999938964844,218.72999572753906,227.0500030517578,227.0500030517578,147503400,2026-05-21 06:28:47.940487+00:00
2024-12-27,225.60000610351562,226.02999877929688,218.19000244140625,220.22000122070312,220.22000122070312,114464600,2026-05-21 06:28:47.940487+00:00
2025-01-03,222.50999450683594,228.83999633789062,220.1999969482422,222.1300048828125,222.1300048828125,112482900,2026-05-21 06:28:47.940487+00:00
2025-01-10,221.4600067138672,224.64999389648438,216.1999969482422,220.66000366210938,220.66000366210938,144834500,2026-05-21 06:28:47.940487+00:00
2025-01-17,225.83999633789062,235.52000427246094,223.0800018310547,235.4199981689453,235.4199981689453,150174200,2026-05-21 06:28:47.940487+00:00
2025-01-24,234.5,241.77000427246094,225.86000061035156,234.63999938964844,234.63999938964844,175018600,2026-05-21 06:28:47.940487+00:00
2025-01-31,236.5,242.52000427246094,232.89999389648438,238.8300018310547,238.8300018310547,202734300,2026-05-21 06:28:47.940487+00:00
2025-02-07,232.5,234.80999755859375,227.52000427246094,230.3699951171875,230.3699951171875,200304600,2026-05-21 06:28:47.940487+00:00
2025-02-14,229.1999969482422,229.88999938964844,221.80999755859375,222.8800048828125,222.8800048828125,128574600,2026-05-21 06:28:47.940487+00:00
2025-02-21,223.27999877929688,223.30999755859375,204.16000366210938,208.74000549316406,208.74000549316406,236338700,2026-05-21 06:28:47.940487+00:00
2025-02-28,208.64999389648438,214.00999450683594,197.42999267578125,200.6999969482422,200.6999969482422,244047100,2026-05-21 06:28:47.940487+00:00
2025-03-07,199.49000549316406,202.27000427246094,190.85000610351562,193.88999938964844,193.88999938964844,261106700,2026-05-21 06:28:47.940487+00:00
2025-03-14,197.41000366210938,199.32000732421875,189.3800048828125,194.9499969482422,194.9499969482422,204217400,2026-05-21 06:28:47.940487+00:00
2025-03-21,192.89999389648438,206.2100067138672,192.52000427246094,201.36000061035156,201.36000061035156,193026500,2026-05-21 06:28:47.940487+00:00
2025-03-28,198.4199981689453,199.25999450683594,176.9199981689453,178.41000366210938,178.41000366210938,306595900,2026-05-21 06:28:47.940487+00:00
2025-04-04,167.14999389648438,192.64999389648438,161.3800048828125,181.22000122070312,181.22000122070312,505303200,2026-05-21 06:28:47.940487+00:00
2025-04-11,179.92999267578125,187.44000244140625,171.41000366210938,172.61000061035156,172.61000061035156,238840600,2026-05-21 06:28:47.940487+00:00
2025-04-18,169.60000610351562,187.3800048828125,165.2899932861328,186.5399932861328,186.5399932861328,211966600,2026-05-21 06:28:47.940487+00:00
2025-04-25,187.6199951171875,191.80999755859375,178.85000610351562,190.1999969482422,190.1999969482422,240748800,2026-05-21 06:28:47.940487+00:00
2025-05-02,191.44000244140625,194.3300018310547,183.85000610351562,192.0800018310547,192.0800018310547,227427300,2026-05-21 06:28:47.940487+00:00
2025-05-09,193.3800048828125,214.83999633789062,191.16000366210938,205.1699981689453,205.1699981689453,263901200,2026-05-21 06:28:47.940487+00:00
2025-05-16,206.85000610351562,206.85000610351562,200.05999755859375,203.10000610351562,203.10000610351562,188503500,2026-05-21 06:28:47.940487+00:00
2025-05-23,198.89999389648438,208.80999755859375,197.85000610351562,205.6999969482422,205.6999969482422,131485300,2026-05-21 06:28:47.940487+00:00
2025-05-30,204.83999633789062,212.80999755859375,201.6999969482422,207.91000366210938,207.91000366210938,195711600,2026-05-21 06:28:47.940487+00:00
2025-06-06,212.39999389648438,218.39999389648438,210.5,213.24000549316406,213.24000549316406,176204300,2026-05-21 06:28:47.940487+00:00
2025-06-13,209.9600067138672,217.9600067138672,209.6199951171875,212.52000427246094,212.52000427246094,139068800,2026-05-21 06:28:47.940487+00:00
2025-06-20,214.67999267578125,218.0399932861328,207.30999755859375,217.1199951171875,217.1199951171875,233277700,2026-05-21 06:28:47.940487+00:00
2025-06-27,219.9199981689453,224.00999450683594,216.74000549316406,223.41000366210938,223.41000366210938,277888300,2026-05-21 06:28:47.940487+00:00
2025-07-04,223.0,224.2899932861328,218.42999267578125,222.25999450683594,222.25999450683594,150821800,2026-05-21 06:28:47.940487+00:00
2025-07-11,223.5800018310547,227.27000427246094,222.17999267578125,223.8800048828125,223.8800048828125,192519900,2026-05-21 06:28:47.940487+00:00
2025-07-18,225.13999938964844,236.0,222.97999572753906,232.22999572753906,232.22999572753906,186812300,2026-05-21 06:28:47.940487+00:00
2025-07-25,232.22000122070312,236.52999877929688,229.2899932861328,234.11000061035156,234.11000061035156,226079000,2026-05-21 06:28:47.940487+00:00
2025-08-01,217.2100067138672,226.22000122070312,211.4199981689453,223.1300048828125,223.1300048828125,347080500,2026-05-21 06:28:47.940487+00:00
2025-08-08,223.13999938964844,233.11000061035156,219.0500030517578,230.97999572753906,230.97999572753906,199856600,2026-05-21 06:28:47.940487+00:00
2025-08-15,232.5800018310547,234.0800018310547,220.5,221.9499969482422,221.9499969482422,163533900,2026-05-21 06:28:47.940487+00:00
2025-08-22,222.7899932861328,232.7100067138672,220.82000732421875,231.60000610351562,231.60000610351562,140988500,2026-05-21 06:28:47.940487+00:00
2025-08-29,231.32000732421875,235.77000427246094,221.8300018310547,235.67999267578125,235.67999267578125,153658000,2026-05-21 06:28:47.940487+00:00
2025-09-05,235.19000244140625,238.85000610351562,229.10000610351562,229.9499969482422,229.9499969482422,196096000,2026-05-21 06:28:47.940487+00:00
2025-09-12,230.35000610351562,235.89999389648438,226.2899932861328,231.22999572753906,231.22999572753906,190690300,2026-05-21 06:28:47.940487+00:00
2025-09-19,232.3699951171875,234.16000366210938,216.47000122070312,218.14999389648438,218.14999389648438,316549200,2026-05-21 06:28:47.940487+00:00
2025-09-26,219.0800018310547,222.80999755859375,216.61000061035156,222.41000366210938,222.41000366210938,219498100,2026-05-21 06:28:47.940487+00:00
2025-10-03,223.44000244140625,228.2100067138672,216.02999877929688,227.74000549316406,227.74000549316406,211622700,2026-05-21 06:28:47.940487+00:00
2025-10-10,226.2100067138672,228.25,212.60000610351562,214.47000122070312,214.47000122070312,244166900,2026-05-21 06:28:47.940487+00:00
2025-10-17,214.55999755859375,223.32000732421875,211.02999877929688,221.08999633789062,221.08999633789062,211212800,2026-05-21 06:28:47.940487+00:00
2025-10-24,221.97000122070312,232.82000732421875,221.89999389648438,222.86000061035156,222.86000061035156,278341200,2026-05-21 06:28:47.940487+00:00
2025-10-31,250.10000610351562,258.6000061035156,242.1699981689453,243.0399932861328,243.0399932861328,400499800,2026-05-21 06:28:47.940487+00:00
2025-11-07,242.89999389648438,251.75,236.5,237.5800018310547,237.5800018310547,179006700,2026-05-21 06:28:47.940487+00:00
2025-11-14,235.05999755859375,238.72999572753906,216.74000549316406,217.13999938964844,217.13999938964844,268128700,2026-05-21 06:28:47.940487+00:00
2025-11-21,216.35000610351562,231.75,215.17999267578125,229.16000366210938,229.16000366210938,200686100,2026-05-21 06:28:47.940487+00:00
2025-11-28,231.24000549316406,238.97000122070312,226.8000030517578,229.11000061035156,229.11000061035156,190160000,2026-05-21 06:28:47.940487+00:00
2025-12-05,230.32000732421875,232.4199981689453,225.11000061035156,230.27999877929688,230.27999877929688,161018600,2026-05-21 06:28:47.940487+00:00
2025-12-12,229.8699951171875,230.0800018310547,220.99000549316406,226.75999450683594,226.75999450683594,216530900,2026-05-21 06:28:47.940487+00:00
2025-12-19,226.75999450683594,232.9499969482422,225.5800018310547,232.3800048828125,232.3800048828125,158456400,2026-05-21 06:28:47.940487+00:00
2025-12-26,232.0399932861328,232.99000549316406,230.1199951171875,230.82000732421875,230.82000732421875,82086800,2026-05-21 06:28:47.940487+00:00
2026-01-02,231.33999633789062,246.41000366210938,224.6999969482422,246.2899932861328,246.2899932861328,236700500,2026-05-21 06:28:47.940487+00:00
2026-01-09,244.57000732421875,248.94000244140625,236.22000122070312,238.17999267578125,238.17999267578125,193213800,2026-05-21 06:28:47.940487+00:00
2026-01-16,239.08999633789062,239.57000732421875,226.8800048828125,234.33999633789062,234.33999633789062,172815600,2026-05-21 06:28:47.940487+00:00
2026-01-23,234.9600067138672,247.77999877929688,234.57000732421875,241.72999572753906,241.72999572753906,192745500,2026-05-21 06:28:47.940487+00:00
2026-01-30,239.88999938964844,246.35000610351562,220.3800048828125,222.69000244140625,222.69000244140625,292771500,2026-05-21 06:28:47.940487+00:00
2026-02-06,202.6999969482422,212.80999755859375,197.55999755859375,199.60000610351562,199.60000610351562,487085200,2026-05-21 06:28:47.940487+00:00
2026-02-13,198.8800048828125,206.86000061035156,196.0,204.86000061035156,204.86000061035156,222873700,2026-05-21 06:28:47.940487+00:00
2026-02-20,204.75999450683594,211.58999633789062,203.11000061035156,207.9199981689453,207.9199981689453,249703500,2026-05-21 06:28:47.940487+00:00
2026-02-27,206.8300018310547,220.47000122070312,202.47999572753906,218.94000244140625,218.94000244140625,262283200,2026-05-21 06:28:47.940487+00:00
2026-03-06,214.99000549316406,217.32000732421875,207.11000061035156,209.52999877929688,209.52999877929688,220023200,2026-05-21 06:28:47.940487+00:00
2026-03-13,209.61000061035156,215.6999969482422,206.0500030517578,208.75999450683594,208.75999450683594,197128500,2026-05-21 06:28:47.940487+00:00
2026-03-20,207.39999389648438,213.07000732421875,204.32000732421875,207.5399932861328,207.5399932861328,226458200,2026-05-21 06:28:47.940487+00:00
2026-03-27,206.4600067138672,213.5800018310547,199.13999938964844,209.77000427246094,209.77000427246094,238262100,2026-05-21 06:28:47.940487+00:00
2026-04-03,209.8000030517578,233.8000030517578,209.0800018310547,233.64999389648438,233.64999389648438,170597000,2026-05-21 06:28:47.940487+00:00
2026-04-10,235.3000030517578,252.17999267578125,235.2100067138672,249.6999969482422,249.6999969482422,256704900,2026-05-21 06:28:47.940487+00:00
2026-04-17,254.99000549316406,258.7900085449219,245.3699951171875,255.0800018310547,255.0800018310547,209571300,2026-05-21 06:28:47.940487+00:00
2026-04-24,259.9800109863281,273.8800048828125,256.1600036621094,265.05999755859375,265.05999755859375,314231400,2026-05-21 06:28:47.940487+00:00
2026-05-01,265.5799865722656,278.55999755859375,262.739990234375,271.1700134277344,271.1700134277344,222262300,2026-05-21 06:28:47.940487+00:00
2026-05-08,271.6300048828125,274.0,262.6300048828125,267.2200012207031,267.2200012207031,180694900,2026-05-21 06:28:47.940487+00:00
2026-05-15,262.5,268.8500061035156,255.19000244140625,265.010009765625,265.010009765625,149663800,2026-05-21 06:28:47.940487+00:00
2026-05-20,260.04998779296875,265.5799865722656,259.5329895019531,265.010009765625,265.010009765625,34425988,2026-05-21 06:28:47.940487+00:00
